{"cameraMode":{"drawMode":0,"name":"Shaded","section":"Shading Mode"},"sceneLighting":true,"audioPlay":false,"sceneViewState":{"m_AlwaysRefresh":false,"showFog":true,"showSkybox":true,"showFlares":true,"showImageEffects":true,"showParticleSystems":true,"showVisualEffectGraphs":true,"m_FxEnabled":true},"in2DMode":false,"pivot":{"x":12.5600004196167,"y":2.014841079711914,"z":14.097833633422852},"rotation":{"x":0.45055532455444338,"y":-0.006696231197565794,"z":0.0033795442432165148,"w":0.892723023891449},"size":30.44424057006836,"orthographic":false}